{"payload":{"installed_packages":["absl-py==2.0.0","attrs==23.2.0","backcall==0.2.0","cachetools==5.3.2","certifi==2023.11.17","charset-normalizer==3.3.2","colorama==0.4.6","comet-ml==3.38.1","configobj==5.0.8","cycler==0.11.0","decorator==5.1.1","dulwich==0.21.7","everett==3.1.0","fonttools==4.38.0","furl==2.1.3","gitdb==4.0.11","gitpython==3.1.42","google-auth-oauthlib==0.4.6","google-auth==2.24.0","grpcio==1.59.3","idna==3.6","importlib-metadata==6.7.0","importlib-resources==5.12.0","ipython==7.34.0","jedi==0.19.1","jsonschema==4.17.3","kiwisolver==1.4.5","labelimg==1.8.6","lxml==5.1.0","markdown-it-py==2.2.0","markdown==3.4.4","markupsafe==2.1.3","matplotlib-inline==0.1.6","matplotlib==3.5.3","mdurl==0.1.2","numpy==1.21.6","oauthlib==3.2.2","opencv-python==4.8.1.78","orderedmultidict==1.0.1","packaging==23.2","pandas==1.3.5","parso==0.8.3","pathlib2==2.3.7.post1","pickleshare==0.7.5","pillow==9.5.0","pip==22.3.1","pkgutil-resolve-name==1.3.10","ply==3.11","prompt-toolkit==3.0.43","protobuf==3.20.3","psutil==5.9.8","pyasn1-modules==0.3.0","pyasn1==0.5.1","pygments==2.17.2","pyjwt==2.8.0","pyparsing==3.1.1","pyqt5-sip==12.13.0","pyqt5==5.15.2","pyrealsense2==2.54.2.5684","pyrsistent==0.19.3","pyserial==3.5","python-box==6.1.0","python-dateutil==2.8.2","pytz==2023.3.post1","pyyaml==6.0.1","requests-oauthlib==1.3.1","requests-toolbelt==1.0.0","requests==2.31.0","rich==13.7.1","rsa==4.9","scipy==1.7.3","seaborn==0.12.2","semantic-version==2.10.0","sentry-sdk==1.41.0","setuptools==65.6.3","simplejson==3.19.2","sip==6.8.3","six==1.16.0","smmap==5.0.1","tensorboard-data-server==0.6.1","tensorboard-plugin-wit==1.8.1","tensorboard==2.11.2","thop==0.1.1.post2209072238","tomli==2.0.1","torch==1.13.1","torchsummary==1.5.1","torchvision==0.14.1","tqdm==4.66.1","traitlets==5.9.0","typing-extensions==4.7.1","urllib3==2.0.7","utils==1.0.2","wcwidth==0.2.13","websocket-client==1.3.3","werkzeug==2.2.3","wheel==0.38.4","wincertstore==0.2","wrapt==1.16.0","wurlitzer==3.0.3","zipp==3.15.0"],"local_timestamp":1709879070263,"message_id":1},"type":"ws_msg"}
{"payload":{"env_details":{"command":["E:/Python_Learn_Source/YOLO/yolov5_7.0_LightWeight/train.py"],"env":null,"hostname":"zhaoluqiang","ip":"192.168.3.116","machine":"AMD64","os":"Windows-10-10.0.22621-SP0","os_release":"10","os_type":"Windows","pid":7960,"processor":"Intel64 Family 6 Model 154 Stepping 3, GenuineIntel","python_exe":"D:\\Anconda3\\anaconda_environment\\envs\\YOLOV5\\python.exe","python_version":"3.7.16","python_version_verbose":"3.7.16 (default, Jan 17 2023, 16:06:28) [MSC v.1916 64 bit (AMD64)]","user":"17616"},"local_timestamp":1709879070297,"message_id":2},"type":"ws_msg"}
{"payload":{"local_timestamp":1709879070397,"message_id":3,"metric":{"epoch":null,"metricName":"sys.cpu.percent.avg","metricValue":0.0,"step":null}},"type":"metric_msg"}
{"payload":{"local_timestamp":1709879070397,"message_id":4,"metric":{"epoch":null,"metricName":"sys.ram.total","metricValue":34089738240,"step":null}},"type":"metric_msg"}
{"payload":{"local_timestamp":1709879070397,"message_id":5,"metric":{"epoch":null,"metricName":"sys.ram.used","metricValue":11577298944,"step":null}},"type":"metric_msg"}
{"payload":{"local_timestamp":1709879070397,"message_id":6,"metric":{"epoch":null,"metricName":"sys.ram.available","metricValue":22512439296,"step":null}},"type":"metric_msg"}
{"payload":{"local_timestamp":1709879070397,"message_id":7,"metric":{"epoch":null,"metricName":"sys.ram.percent.used","metricValue":34.0,"step":null}},"type":"metric_msg"}
{"payload":{"local_timestamp":1709879070397,"message_id":8,"metric":{"epoch":null,"metricName":"sys.load.avg","metricValue":0.0,"step":null}},"type":"metric_msg"}
{"payload":{"local_timestamp":1709879070397,"log_other":{"key":"offline_experiment","val":true},"message_id":9},"type":"ws_msg"}
{"payload":{"local_timestamp":1709879070397,"message_id":10,"stderr":true,"stdout":"Traceback (most recent call last):\n"},"type":"ws_msg"}
{"payload":{"local_timestamp":1709879070397,"message_id":11,"stderr":true,"stdout":"  File \"E:/Python_Learn_Source/YOLO/yolov5_7.0_LightWeight/train.py\", line 634, in <module>\n"},"type":"ws_msg"}
{"payload":{"local_timestamp":1709879070397,"message_id":12,"stderr":true,"stdout":"    "},"type":"ws_msg"}
{"payload":{"local_timestamp":1709879070397,"message_id":13,"stderr":true,"stdout":"main(opt)"},"type":"ws_msg"}
{"payload":{"local_timestamp":1709879070397,"message_id":14,"stderr":true,"stdout":"\n"},"type":"ws_msg"}
{"payload":{"local_timestamp":1709879070397,"message_id":15,"stderr":true,"stdout":"  File \"E:/Python_Learn_Source/YOLO/yolov5_7.0_LightWeight/train.py\", line 528, in main\n"},"type":"ws_msg"}
{"payload":{"local_timestamp":1709879070397,"message_id":16,"stderr":true,"stdout":"    "},"type":"ws_msg"}
{"payload":{"local_timestamp":1709879070397,"message_id":17,"stderr":true,"stdout":"train(opt.hyp, opt, device, callbacks)"},"type":"ws_msg"}
{"payload":{"local_timestamp":1709879070397,"message_id":18,"stderr":true,"stdout":"\n"},"type":"ws_msg"}
{"payload":{"local_timestamp":1709879070397,"message_id":19,"stderr":true,"stdout":"  File \"E:/Python_Learn_Source/YOLO/yolov5_7.0_LightWeight/train.py\", line 96, in train\n"},"type":"ws_msg"}
{"payload":{"local_timestamp":1709879070397,"message_id":20,"stderr":true,"stdout":"    "},"type":"ws_msg"}
{"payload":{"local_timestamp":1709879070397,"message_id":21,"stderr":true,"stdout":"loggers = Loggers(save_dir, weights, opt, hyp, LOGGER)  # loggers instance"},"type":"ws_msg"}
{"payload":{"local_timestamp":1709879070397,"message_id":22,"stderr":true,"stdout":"\n"},"type":"ws_msg"}
{"payload":{"local_timestamp":1709879070397,"message_id":23,"stderr":true,"stdout":"  File \"E:\\Python_Learn_Source\\YOLO\\yolov5_7.0_LightWeight\\utils\\loggers\\__init__.py\", line 132, in __init__\n"},"type":"ws_msg"}
{"payload":{"local_timestamp":1709879070397,"message_id":24,"stderr":true,"stdout":"    "},"type":"ws_msg"}
{"payload":{"local_timestamp":1709879070397,"message_id":25,"stderr":true,"stdout":"self.comet_logger = CometLogger(self.opt, self.hyp)"},"type":"ws_msg"}
{"payload":{"local_timestamp":1709879070397,"message_id":26,"stderr":true,"stdout":"\n"},"type":"ws_msg"}
{"payload":{"local_timestamp":1709879070397,"message_id":27,"stderr":true,"stdout":"  File \"E:\\Python_Learn_Source\\YOLO\\yolov5_7.0_LightWeight\\utils\\loggers\\comet\\__init__.py\", line 97, in __init__\n"},"type":"ws_msg"}
{"payload":{"local_timestamp":1709879070397,"message_id":28,"stderr":true,"stdout":"    "},"type":"ws_msg"}
{"payload":{"local_timestamp":1709879070397,"message_id":29,"stderr":true,"stdout":"self.data_dict = self.check_dataset(self.opt.data)"},"type":"ws_msg"}
{"payload":{"local_timestamp":1709879070397,"message_id":30,"stderr":true,"stdout":"\n"},"type":"ws_msg"}
{"payload":{"local_timestamp":1709879070397,"message_id":31,"stderr":true,"stdout":"  File \"E:\\Python_Learn_Source\\YOLO\\yolov5_7.0_LightWeight\\utils\\loggers\\comet\\__init__.py\", line 232, in check_dataset\n"},"type":"ws_msg"}
{"payload":{"local_timestamp":1709879070406,"message_id":32,"stderr":true,"stdout":"    "},"type":"ws_msg"}
{"payload":{"local_timestamp":1709879070406,"message_id":33,"stderr":true,"stdout":"data_config = yaml.safe_load(f)"},"type":"ws_msg"}
{"payload":{"local_timestamp":1709879070406,"message_id":34,"stderr":true,"stdout":"\n"},"type":"ws_msg"}
{"payload":{"local_timestamp":1709879070406,"message_id":35,"stderr":true,"stdout":"  File \"D:\\Anconda3\\anaconda_environment\\envs\\YOLOV5\\lib\\site-packages\\yaml\\__init__.py\", line 125, in safe_load\n"},"type":"ws_msg"}
{"payload":{"local_timestamp":1709879070406,"message_id":36,"stderr":true,"stdout":"    "},"type":"ws_msg"}
{"payload":{"local_timestamp":1709879070406,"message_id":37,"stderr":true,"stdout":"return load(stream, SafeLoader)"},"type":"ws_msg"}
{"payload":{"local_timestamp":1709879070406,"message_id":38,"stderr":true,"stdout":"\n"},"type":"ws_msg"}
{"payload":{"local_timestamp":1709879070406,"message_id":39,"stderr":true,"stdout":"  File \"D:\\Anconda3\\anaconda_environment\\envs\\YOLOV5\\lib\\site-packages\\yaml\\__init__.py\", line 79, in load\n"},"type":"ws_msg"}
{"payload":{"local_timestamp":1709879070406,"message_id":40,"stderr":true,"stdout":"    "},"type":"ws_msg"}
{"payload":{"local_timestamp":1709879070406,"message_id":41,"stderr":true,"stdout":"loader = Loader(stream)"},"type":"ws_msg"}
{"payload":{"local_timestamp":1709879070406,"message_id":42,"stderr":true,"stdout":"\n"},"type":"ws_msg"}
{"payload":{"local_timestamp":1709879070406,"message_id":43,"stderr":true,"stdout":"  File \"D:\\Anconda3\\anaconda_environment\\envs\\YOLOV5\\lib\\site-packages\\yaml\\loader.py\", line 34, in __init__\n"},"type":"ws_msg"}
{"payload":{"local_timestamp":1709879070406,"message_id":44,"stderr":true,"stdout":"    "},"type":"ws_msg"}
{"payload":{"local_timestamp":1709879070406,"message_id":45,"stderr":true,"stdout":"Reader.__init__(self, stream)"},"type":"ws_msg"}
{"payload":{"local_timestamp":1709879070406,"message_id":46,"stderr":true,"stdout":"\n"},"type":"ws_msg"}
{"payload":{"local_timestamp":1709879070406,"message_id":47,"stderr":true,"stdout":"  File \"D:\\Anconda3\\anaconda_environment\\envs\\YOLOV5\\lib\\site-packages\\yaml\\reader.py\", line 85, in __init__\n"},"type":"ws_msg"}
{"payload":{"local_timestamp":1709879070406,"message_id":48,"stderr":true,"stdout":"    "},"type":"ws_msg"}
{"payload":{"local_timestamp":1709879070406,"message_id":49,"stderr":true,"stdout":"self.determine_encoding()"},"type":"ws_msg"}
{"payload":{"local_timestamp":1709879070406,"message_id":50,"stderr":true,"stdout":"\n"},"type":"ws_msg"}
{"payload":{"local_timestamp":1709879070406,"message_id":51,"stderr":true,"stdout":"  File \"D:\\Anconda3\\anaconda_environment\\envs\\YOLOV5\\lib\\site-packages\\yaml\\reader.py\", line 124, in determine_encoding\n"},"type":"ws_msg"}
{"payload":{"local_timestamp":1709879070406,"message_id":52,"stderr":true,"stdout":"    "},"type":"ws_msg"}
{"payload":{"local_timestamp":1709879070406,"message_id":53,"stderr":true,"stdout":"self.update_raw()"},"type":"ws_msg"}
{"payload":{"local_timestamp":1709879070406,"message_id":54,"stderr":true,"stdout":"\n"},"type":"ws_msg"}
{"payload":{"local_timestamp":1709879070406,"message_id":55,"stderr":true,"stdout":"  File \"D:\\Anconda3\\anaconda_environment\\envs\\YOLOV5\\lib\\site-packages\\yaml\\reader.py\", line 178, in update_raw\n"},"type":"ws_msg"}
{"payload":{"local_timestamp":1709879070406,"message_id":56,"stderr":true,"stdout":"    "},"type":"ws_msg"}
{"payload":{"local_timestamp":1709879070406,"message_id":57,"stderr":true,"stdout":"data = self.stream.read(size)"},"type":"ws_msg"}
{"payload":{"local_timestamp":1709879070406,"message_id":58,"stderr":true,"stdout":"\n"},"type":"ws_msg"}
{"payload":{"local_timestamp":1709879070406,"message_id":59,"stderr":true,"stdout":"UnicodeDecodeError"},"type":"ws_msg"}
{"payload":{"local_timestamp":1709879070406,"message_id":60,"stderr":true,"stdout":": "},"type":"ws_msg"}
{"payload":{"local_timestamp":1709879070406,"message_id":61,"stderr":true,"stdout":"'gbk' codec can't decode byte 0x80 in position 233: illegal multibyte sequence"},"type":"ws_msg"}
{"payload":{"local_timestamp":1709879070406,"message_id":62,"stderr":true,"stdout":"\n"},"type":"ws_msg"}
{"payload":{"local_timestamp":1709879070422,"message_id":63,"stderr":true,"stdout":"COMET INFO: Couldn't find a Git repository in 'E:\\\\Python_Learn_Source\\\\YOLO\\\\yolov5_7.0_LightWeight' nor in any parent directory. Set `COMET_GIT_DIRECTORY` if your Git Repository is elsewhere.\n"},"type":"ws_msg"}
{"payload":{"local_timestamp":1709879070422,"message_id":64,"stderr":true,"stdout":"COMET WARNING: Unknown error exporting current conda environment\n"},"type":"ws_msg"}
{"payload":{"local_timestamp":1709879070422,"message_id":65,"stderr":true,"stdout":"COMET WARNING: Unknown error retrieving Conda package as an explicit file\n"},"type":"ws_msg"}
{"payload":{"local_timestamp":1709879070422,"message_id":66,"stderr":true,"stdout":"COMET WARNING: Unknown error retrieving Conda information\n"},"type":"ws_msg"}
{"payload":{"local_timestamp":1709879070422,"message_id":67,"stderr":true,"stdout":"COMET INFO: ---------------------------------------------------------------------------------------\n"},"type":"ws_msg"}
{"payload":{"local_timestamp":1709879070422,"message_id":68,"stderr":true,"stdout":"COMET INFO: Comet.ml OfflineExperiment Summary\n"},"type":"ws_msg"}
{"payload":{"local_timestamp":1709879070422,"message_id":69,"stderr":true,"stdout":"COMET INFO: ---------------------------------------------------------------------------------------\n"},"type":"ws_msg"}
{"payload":{"local_timestamp":1709879070422,"message_id":70,"stderr":true,"stdout":"COMET INFO:   Data:\n"},"type":"ws_msg"}
{"payload":{"local_timestamp":1709879070422,"message_id":71,"stderr":true,"stdout":"COMET INFO:     display_summary_level : 1\n"},"type":"ws_msg"}
{"payload":{"local_timestamp":1709879070422,"message_id":72,"stderr":true,"stdout":"COMET INFO:     url                   : [OfflineExperiment will get URL after upload]\n"},"type":"ws_msg"}
{"payload":{"local_timestamp":1709879070422,"message_id":73,"stderr":true,"stdout":"COMET INFO:   Others:\n"},"type":"ws_msg"}
{"payload":{"local_timestamp":1709879070422,"message_id":74,"stderr":true,"stdout":"COMET INFO:     offline_experiment : True\n"},"type":"ws_msg"}
{"payload":{"local_timestamp":1709879070422,"message_id":75,"stderr":true,"stdout":"COMET INFO:   Uploads:\n"},"type":"ws_msg"}
{"payload":{"local_timestamp":1709879070422,"message_id":76,"stderr":true,"stdout":"COMET INFO:     environment details : 1\n"},"type":"ws_msg"}
{"payload":{"local_timestamp":1709879070422,"message_id":77,"stderr":true,"stdout":"COMET INFO:     installed packages  : 1\n"},"type":"ws_msg"}
{"payload":{"local_timestamp":1709879070422,"message_id":78,"stderr":true,"stdout":"COMET INFO: \n"},"type":"ws_msg"}
{"payload":{"local_timestamp":1709879070422,"message_id":79,"stderr":true,"stdout":"COMET WARNING: Experiment Name is generated at upload time for Offline Experiments unless set explicitly with Experiment.set_name\n"},"type":"ws_msg"}
{"payload":{"local_timestamp":1709879070422,"message_id":80,"stderr":true,"stdout":"COMET WARNING: To get all data logged automatically, import comet_ml before the following modules: tensorboard, torch.\n"},"type":"ws_msg"}
{"payload":{"local_timestamp":1709879070422,"log_other":{"key":"sys.already_imported_modules","val":"[\"tensorboard\", \"torch\"]"},"message_id":81},"type":"ws_msg"}
