{"payload":{"installed_packages":["absl-py==2.0.0","attrs==23.2.0","backcall==0.2.0","cachetools==5.3.2","certifi==2023.11.17","charset-normalizer==3.3.2","colorama==0.4.6","comet-ml==3.38.1","configobj==5.0.8","cycler==0.11.0","decorator==5.1.1","dulwich==0.21.7","everett==3.1.0","fonttools==4.38.0","furl==2.1.3","gitdb==4.0.11","gitpython==3.1.42","google-auth-oauthlib==0.4.6","google-auth==2.24.0","grpcio==1.59.3","idna==3.6","importlib-metadata==6.7.0","importlib-resources==5.12.0","ipython==7.34.0","jedi==0.19.1","jsonschema==4.17.3","kiwisolver==1.4.5","labelimg==1.8.6","lxml==5.1.0","markdown-it-py==2.2.0","markdown==3.4.4","markupsafe==2.1.3","matplotlib-inline==0.1.6","matplotlib==3.5.3","mdurl==0.1.2","numpy==1.21.6","oauthlib==3.2.2","opencv-python==4.8.1.78","orderedmultidict==1.0.1","packaging==23.2","pandas==1.3.5","parso==0.8.3","pathlib2==2.3.7.post1","pickleshare==0.7.5","pillow==9.5.0","pip==22.3.1","pkgutil-resolve-name==1.3.10","ply==3.11","prompt-toolkit==3.0.43","protobuf==3.20.3","psutil==5.9.8","pyasn1-modules==0.3.0","pyasn1==0.5.1","pygments==2.17.2","pyjwt==2.8.0","pyparsing==3.1.1","pyqt5-sip==12.13.0","pyqt5==5.15.2","pyrealsense2==2.54.2.5684","pyrsistent==0.19.3","pyserial==3.5","python-box==6.1.0","python-dateutil==2.8.2","pytz==2023.3.post1","pyyaml==6.0.1","requests-oauthlib==1.3.1","requests-toolbelt==1.0.0","requests==2.31.0","rich==13.7.1","rsa==4.9","scipy==1.7.3","seaborn==0.12.2","semantic-version==2.10.0","sentry-sdk==1.41.0","setuptools==65.6.3","simplejson==3.19.2","sip==6.8.3","six==1.16.0","smmap==5.0.1","tensorboard-data-server==0.6.1","tensorboard-plugin-wit==1.8.1","tensorboard==2.11.2","thop==0.1.1.post2209072238","tomli==2.0.1","torch==1.13.1","torchsummary==1.5.1","torchvision==0.14.1","tqdm==4.66.1","traitlets==5.9.0","typing-extensions==4.7.1","urllib3==2.0.7","utils==1.0.2","wcwidth==0.2.13","websocket-client==1.3.3","werkzeug==2.2.3","wheel==0.38.4","wincertstore==0.2","wrapt==1.16.0","wurlitzer==3.0.3","zipp==3.15.0"],"local_timestamp":1709882509277,"message_id":1},"type":"ws_msg"}
{"payload":{"env_details":{"command":["E:/Python_Learn_Source/YOLO/yolov5_7.0_LightWeight/train.py"],"env":null,"hostname":"zhaoluqiang","ip":"192.168.3.116","machine":"AMD64","os":"Windows-10-10.0.22621-SP0","os_release":"10","os_type":"Windows","pid":20204,"processor":"Intel64 Family 6 Model 154 Stepping 3, GenuineIntel","python_exe":"D:\\Anconda3\\anaconda_environment\\envs\\YOLOV5\\python.exe","python_version":"3.7.16","python_version_verbose":"3.7.16 (default, Jan 17 2023, 16:06:28) [MSC v.1916 64 bit (AMD64)]","user":"17616"},"local_timestamp":1709882509295,"message_id":2},"type":"ws_msg"}
{"payload":{"local_timestamp":1709882509395,"message_id":3,"metric":{"epoch":null,"metricName":"sys.cpu.percent.avg","metricValue":0.0,"step":null}},"type":"metric_msg"}
{"payload":{"local_timestamp":1709882509395,"message_id":4,"metric":{"epoch":null,"metricName":"sys.ram.total","metricValue":34089738240,"step":null}},"type":"metric_msg"}
{"payload":{"local_timestamp":1709882509395,"message_id":5,"metric":{"epoch":null,"metricName":"sys.ram.used","metricValue":11504971776,"step":null}},"type":"metric_msg"}
{"payload":{"local_timestamp":1709882509395,"message_id":6,"metric":{"epoch":null,"metricName":"sys.ram.available","metricValue":22584766464,"step":null}},"type":"metric_msg"}
{"payload":{"local_timestamp":1709882509395,"message_id":7,"metric":{"epoch":null,"metricName":"sys.ram.percent.used","metricValue":33.7,"step":null}},"type":"metric_msg"}
{"payload":{"local_timestamp":1709882509395,"message_id":8,"metric":{"epoch":null,"metricName":"sys.load.avg","metricValue":0.0,"step":null}},"type":"metric_msg"}
{"payload":{"local_timestamp":1709882509395,"log_other":{"key":"offline_experiment","val":true},"message_id":9},"type":"ws_msg"}
{"payload":{"additional_params":{"assetId":"ecb003869a4443a6a6d7ebe58e8035b8","context":null,"extension":"yaml","fileName":"coco128.yaml","overwrite":false,"runId":null,"step":null},"clean":true,"file_path":"tmppmd20x7w","local_timestamp":1709882509399,"message_id":10,"metadata":{"type":"data-config-file"},"upload_type":"asset"},"type":"file_upload"}
{"payload":{"local_timestamp":1709882509411,"log_other":{"key":"Created from","val":"YOLOv5"},"message_id":11},"type":"ws_msg"}
{"payload":{"local_timestamp":1709882509411,"log_other":{"key":"hasNestedParams","val":true},"message_id":12},"type":"ws_msg"}
{"payload":{"local_timestamp":1709882509411,"message_id":13,"param":{"paramName":"artifact_alias","paramValue":"latest","source":"manual","step":null}},"type":"parameter_msg"}
{"payload":{"local_timestamp":1709882509411,"message_id":14,"param":{"paramName":"batch_size","paramValue":8,"source":"manual","step":null}},"type":"parameter_msg"}
{"payload":{"local_timestamp":1709882509411,"message_id":15,"param":{"paramName":"bbox_interval","paramValue":-1,"source":"manual","step":null}},"type":"parameter_msg"}
{"payload":{"local_timestamp":1709882509411,"message_id":16,"param":{"paramName":"bucket","paramValue":"","source":"manual","step":null}},"type":"parameter_msg"}
{"payload":{"local_timestamp":1709882509411,"message_id":17,"param":{"paramName":"cache","paramValue":null,"source":"manual","step":null}},"type":"parameter_msg"}
{"payload":{"local_timestamp":1709882509411,"message_id":18,"param":{"paramName":"cfg","paramValue":"models/yolov5s_C3_Faster.yaml","source":"manual","step":null}},"type":"parameter_msg"}
{"payload":{"local_timestamp":1709882509411,"message_id":19,"param":{"paramName":"cos_lr","paramValue":false,"source":"manual","step":null}},"type":"parameter_msg"}
{"payload":{"local_timestamp":1709882509411,"message_id":20,"param":{"paramName":"data","paramValue":"data\\coco128.yaml","source":"manual","step":null}},"type":"parameter_msg"}
{"payload":{"local_timestamp":1709882509411,"message_id":21,"param":{"paramName":"device","paramValue":"cpu","source":"manual","step":null}},"type":"parameter_msg"}
{"payload":{"local_timestamp":1709882509411,"message_id":22,"param":{"paramName":"entity","paramValue":null,"source":"manual","step":null}},"type":"parameter_msg"}
{"payload":{"local_timestamp":1709882509411,"message_id":23,"param":{"paramName":"epochs","paramValue":100,"source":"manual","step":null}},"type":"parameter_msg"}
{"payload":{"local_timestamp":1709882509411,"message_id":24,"param":{"paramName":"evolve","paramValue":null,"source":"manual","step":null}},"type":"parameter_msg"}
{"payload":{"local_timestamp":1709882509411,"message_id":25,"param":{"paramName":"exist_ok","paramValue":false,"source":"manual","step":null}},"type":"parameter_msg"}
{"payload":{"local_timestamp":1709882509411,"message_id":26,"params":{"paramName":"freeze","paramValue":[0],"source":"manual","step":null}},"type":"parameter_msg"}
{"payload":{"local_timestamp":1709882509411,"message_id":27,"param":{"paramName":"hyp|anchor_t","paramValue":4.0,"source":"manual","step":null}},"type":"parameter_msg"}
{"payload":{"local_timestamp":1709882509411,"message_id":28,"param":{"paramName":"hyp|box","paramValue":0.05,"source":"manual","step":null}},"type":"parameter_msg"}
{"payload":{"local_timestamp":1709882509411,"message_id":29,"param":{"paramName":"hyp|cls","paramValue":0.5,"source":"manual","step":null}},"type":"parameter_msg"}
{"payload":{"local_timestamp":1709882509411,"message_id":30,"param":{"paramName":"hyp|cls_pw","paramValue":1.0,"source":"manual","step":null}},"type":"parameter_msg"}
{"payload":{"local_timestamp":1709882509411,"message_id":31,"param":{"paramName":"hyp|copy_paste","paramValue":0.0,"source":"manual","step":null}},"type":"parameter_msg"}
{"payload":{"local_timestamp":1709882509411,"message_id":32,"param":{"paramName":"hyp|degrees","paramValue":0.0,"source":"manual","step":null}},"type":"parameter_msg"}
{"payload":{"local_timestamp":1709882509411,"message_id":33,"param":{"paramName":"hyp|fl_gamma","paramValue":0.0,"source":"manual","step":null}},"type":"parameter_msg"}
{"payload":{"local_timestamp":1709882509411,"message_id":34,"param":{"paramName":"hyp|fliplr","paramValue":0.5,"source":"manual","step":null}},"type":"parameter_msg"}
{"payload":{"local_timestamp":1709882509411,"message_id":35,"param":{"paramName":"hyp|flipud","paramValue":0.0,"source":"manual","step":null}},"type":"parameter_msg"}
{"payload":{"local_timestamp":1709882509411,"message_id":36,"param":{"paramName":"hyp|hsv_h","paramValue":0.015,"source":"manual","step":null}},"type":"parameter_msg"}
{"payload":{"local_timestamp":1709882509411,"message_id":37,"param":{"paramName":"hyp|hsv_s","paramValue":0.7,"source":"manual","step":null}},"type":"parameter_msg"}
{"payload":{"local_timestamp":1709882509411,"message_id":38,"param":{"paramName":"hyp|hsv_v","paramValue":0.4,"source":"manual","step":null}},"type":"parameter_msg"}
{"payload":{"local_timestamp":1709882509411,"message_id":39,"param":{"paramName":"hyp|iou_t","paramValue":0.2,"source":"manual","step":null}},"type":"parameter_msg"}
{"payload":{"local_timestamp":1709882509411,"message_id":40,"param":{"paramName":"hyp|lr0","paramValue":0.01,"source":"manual","step":null}},"type":"parameter_msg"}
{"payload":{"local_timestamp":1709882509411,"message_id":41,"param":{"paramName":"hyp|lrf","paramValue":0.01,"source":"manual","step":null}},"type":"parameter_msg"}
{"payload":{"local_timestamp":1709882509411,"message_id":42,"param":{"paramName":"hyp|mixup","paramValue":0.0,"source":"manual","step":null}},"type":"parameter_msg"}
{"payload":{"local_timestamp":1709882509411,"message_id":43,"param":{"paramName":"hyp|momentum","paramValue":0.937,"source":"manual","step":null}},"type":"parameter_msg"}
{"payload":{"local_timestamp":1709882509411,"message_id":44,"param":{"paramName":"hyp|mosaic","paramValue":1.0,"source":"manual","step":null}},"type":"parameter_msg"}
{"payload":{"local_timestamp":1709882509411,"message_id":45,"param":{"paramName":"hyp|obj","paramValue":1.0,"source":"manual","step":null}},"type":"parameter_msg"}
{"payload":{"local_timestamp":1709882509411,"message_id":46,"param":{"paramName":"hyp|obj_pw","paramValue":1.0,"source":"manual","step":null}},"type":"parameter_msg"}
{"payload":{"local_timestamp":1709882509411,"message_id":47,"param":{"paramName":"hyp|perspective","paramValue":0.0,"source":"manual","step":null}},"type":"parameter_msg"}
{"payload":{"local_timestamp":1709882509411,"message_id":48,"param":{"paramName":"hyp|scale","paramValue":0.5,"source":"manual","step":null}},"type":"parameter_msg"}
{"payload":{"local_timestamp":1709882509411,"message_id":49,"param":{"paramName":"hyp|shear","paramValue":0.0,"source":"manual","step":null}},"type":"parameter_msg"}
{"payload":{"local_timestamp":1709882509411,"message_id":50,"param":{"paramName":"hyp|translate","paramValue":0.1,"source":"manual","step":null}},"type":"parameter_msg"}
{"payload":{"local_timestamp":1709882509411,"message_id":51,"param":{"paramName":"hyp|warmup_bias_lr","paramValue":0.1,"source":"manual","step":null}},"type":"parameter_msg"}
{"payload":{"local_timestamp":1709882509411,"message_id":52,"param":{"paramName":"hyp|warmup_epochs","paramValue":3.0,"source":"manual","step":null}},"type":"parameter_msg"}
{"payload":{"local_timestamp":1709882509411,"message_id":53,"param":{"paramName":"hyp|warmup_momentum","paramValue":0.8,"source":"manual","step":null}},"type":"parameter_msg"}
{"payload":{"local_timestamp":1709882509411,"message_id":54,"param":{"paramName":"hyp|weight_decay","paramValue":0.0005,"source":"manual","step":null}},"type":"parameter_msg"}
{"payload":{"local_timestamp":1709882509411,"message_id":55,"param":{"paramName":"image_weights","paramValue":false,"source":"manual","step":null}},"type":"parameter_msg"}
{"payload":{"local_timestamp":1709882509411,"message_id":56,"param":{"paramName":"imgsz","paramValue":640,"source":"manual","step":null}},"type":"parameter_msg"}
{"payload":{"local_timestamp":1709882509411,"message_id":57,"param":{"paramName":"label_smoothing","paramValue":0.0,"source":"manual","step":null}},"type":"parameter_msg"}
{"payload":{"local_timestamp":1709882509411,"message_id":58,"param":{"paramName":"local_rank","paramValue":-1,"source":"manual","step":null}},"type":"parameter_msg"}
{"payload":{"local_timestamp":1709882509411,"message_id":59,"param":{"paramName":"multi_scale","paramValue":false,"source":"manual","step":null}},"type":"parameter_msg"}
{"payload":{"local_timestamp":1709882509412,"message_id":60,"param":{"paramName":"name","paramValue":"exp","source":"manual","step":null}},"type":"parameter_msg"}
{"payload":{"local_timestamp":1709882509412,"message_id":61,"param":{"paramName":"noautoanchor","paramValue":false,"source":"manual","step":null}},"type":"parameter_msg"}
{"payload":{"local_timestamp":1709882509412,"message_id":62,"param":{"paramName":"noplots","paramValue":false,"source":"manual","step":null}},"type":"parameter_msg"}
{"payload":{"local_timestamp":1709882509412,"message_id":63,"param":{"paramName":"nosave","paramValue":false,"source":"manual","step":null}},"type":"parameter_msg"}
{"payload":{"local_timestamp":1709882509412,"message_id":64,"param":{"paramName":"noval","paramValue":false,"source":"manual","step":null}},"type":"parameter_msg"}
{"payload":{"local_timestamp":1709882509412,"message_id":65,"param":{"paramName":"optimizer","paramValue":"SGD","source":"manual","step":null}},"type":"parameter_msg"}
{"payload":{"local_timestamp":1709882509412,"message_id":66,"param":{"paramName":"patience","paramValue":100,"source":"manual","step":null}},"type":"parameter_msg"}
{"payload":{"local_timestamp":1709882509412,"message_id":67,"param":{"paramName":"project","paramValue":"runs\\train","source":"manual","step":null}},"type":"parameter_msg"}
{"payload":{"local_timestamp":1709882509412,"message_id":68,"param":{"paramName":"quad","paramValue":false,"source":"manual","step":null}},"type":"parameter_msg"}
{"payload":{"local_timestamp":1709882509412,"message_id":69,"param":{"paramName":"rect","paramValue":false,"source":"manual","step":null}},"type":"parameter_msg"}
{"payload":{"local_timestamp":1709882509412,"message_id":70,"param":{"paramName":"resume","paramValue":false,"source":"manual","step":null}},"type":"parameter_msg"}
{"payload":{"local_timestamp":1709882509412,"message_id":71,"param":{"paramName":"save_dir","paramValue":"runs\\train\\exp14","source":"manual","step":null}},"type":"parameter_msg"}
{"payload":{"local_timestamp":1709882509412,"message_id":72,"param":{"paramName":"save_period","paramValue":-1,"source":"manual","step":null}},"type":"parameter_msg"}
{"payload":{"local_timestamp":1709882509412,"message_id":73,"param":{"paramName":"seed","paramValue":0,"source":"manual","step":null}},"type":"parameter_msg"}
{"payload":{"local_timestamp":1709882509412,"message_id":74,"param":{"paramName":"single_cls","paramValue":false,"source":"manual","step":null}},"type":"parameter_msg"}
{"payload":{"local_timestamp":1709882509412,"message_id":75,"param":{"paramName":"sync_bn","paramValue":false,"source":"manual","step":null}},"type":"parameter_msg"}
{"payload":{"local_timestamp":1709882509412,"message_id":76,"param":{"paramName":"upload_dataset","paramValue":false,"source":"manual","step":null}},"type":"parameter_msg"}
{"payload":{"local_timestamp":1709882509412,"message_id":77,"param":{"paramName":"weights","paramValue":"yolov5s.pt","source":"manual","step":null}},"type":"parameter_msg"}
{"payload":{"local_timestamp":1709882509412,"message_id":78,"param":{"paramName":"workers","paramValue":8,"source":"manual","step":null}},"type":"parameter_msg"}
{"payload":{"local_timestamp":1709882509412,"message_id":79,"param":{"paramName":"anchor_t","paramValue":4.0,"source":"manual","step":null}},"type":"parameter_msg"}
{"payload":{"local_timestamp":1709882509412,"message_id":80,"param":{"paramName":"box","paramValue":0.05,"source":"manual","step":null}},"type":"parameter_msg"}
{"payload":{"local_timestamp":1709882509412,"message_id":81,"param":{"paramName":"cls","paramValue":0.5,"source":"manual","step":null}},"type":"parameter_msg"}
{"payload":{"local_timestamp":1709882509412,"message_id":82,"param":{"paramName":"cls_pw","paramValue":1.0,"source":"manual","step":null}},"type":"parameter_msg"}
{"payload":{"local_timestamp":1709882509412,"message_id":83,"param":{"paramName":"copy_paste","paramValue":0.0,"source":"manual","step":null}},"type":"parameter_msg"}
{"payload":{"local_timestamp":1709882509412,"message_id":84,"param":{"paramName":"degrees","paramValue":0.0,"source":"manual","step":null}},"type":"parameter_msg"}
{"payload":{"local_timestamp":1709882509412,"message_id":85,"param":{"paramName":"fl_gamma","paramValue":0.0,"source":"manual","step":null}},"type":"parameter_msg"}
{"payload":{"local_timestamp":1709882509412,"message_id":86,"param":{"paramName":"fliplr","paramValue":0.5,"source":"manual","step":null}},"type":"parameter_msg"}
{"payload":{"local_timestamp":1709882509412,"message_id":87,"param":{"paramName":"flipud","paramValue":0.0,"source":"manual","step":null}},"type":"parameter_msg"}
{"payload":{"local_timestamp":1709882509412,"message_id":88,"param":{"paramName":"hsv_h","paramValue":0.015,"source":"manual","step":null}},"type":"parameter_msg"}
{"payload":{"local_timestamp":1709882509412,"message_id":89,"param":{"paramName":"hsv_s","paramValue":0.7,"source":"manual","step":null}},"type":"parameter_msg"}
{"payload":{"local_timestamp":1709882509412,"message_id":90,"param":{"paramName":"hsv_v","paramValue":0.4,"source":"manual","step":null}},"type":"parameter_msg"}
{"payload":{"local_timestamp":1709882509412,"message_id":91,"param":{"paramName":"iou_t","paramValue":0.2,"source":"manual","step":null}},"type":"parameter_msg"}
{"payload":{"local_timestamp":1709882509412,"message_id":92,"param":{"paramName":"lr0","paramValue":0.01,"source":"manual","step":null}},"type":"parameter_msg"}
{"payload":{"local_timestamp":1709882509412,"message_id":93,"param":{"paramName":"lrf","paramValue":0.01,"source":"manual","step":null}},"type":"parameter_msg"}
{"payload":{"local_timestamp":1709882509412,"message_id":94,"param":{"paramName":"mixup","paramValue":0.0,"source":"manual","step":null}},"type":"parameter_msg"}
{"payload":{"local_timestamp":1709882509412,"message_id":95,"param":{"paramName":"momentum","paramValue":0.937,"source":"manual","step":null}},"type":"parameter_msg"}
{"payload":{"local_timestamp":1709882509412,"message_id":96,"param":{"paramName":"mosaic","paramValue":1.0,"source":"manual","step":null}},"type":"parameter_msg"}
{"payload":{"local_timestamp":1709882509412,"message_id":97,"param":{"paramName":"obj","paramValue":1.0,"source":"manual","step":null}},"type":"parameter_msg"}
{"payload":{"local_timestamp":1709882509412,"message_id":98,"param":{"paramName":"obj_pw","paramValue":1.0,"source":"manual","step":null}},"type":"parameter_msg"}
{"payload":{"local_timestamp":1709882509412,"message_id":99,"param":{"paramName":"perspective","paramValue":0.0,"source":"manual","step":null}},"type":"parameter_msg"}
{"payload":{"local_timestamp":1709882509412,"message_id":100,"param":{"paramName":"scale","paramValue":0.5,"source":"manual","step":null}},"type":"parameter_msg"}
{"payload":{"local_timestamp":1709882509412,"message_id":101,"param":{"paramName":"shear","paramValue":0.0,"source":"manual","step":null}},"type":"parameter_msg"}
{"payload":{"local_timestamp":1709882509412,"message_id":102,"param":{"paramName":"translate","paramValue":0.1,"source":"manual","step":null}},"type":"parameter_msg"}
{"payload":{"local_timestamp":1709882509412,"message_id":103,"param":{"paramName":"warmup_bias_lr","paramValue":0.1,"source":"manual","step":null}},"type":"parameter_msg"}
{"payload":{"local_timestamp":1709882509412,"message_id":104,"param":{"paramName":"warmup_epochs","paramValue":3.0,"source":"manual","step":null}},"type":"parameter_msg"}
{"payload":{"local_timestamp":1709882509412,"message_id":105,"param":{"paramName":"warmup_momentum","paramValue":0.8,"source":"manual","step":null}},"type":"parameter_msg"}
{"payload":{"local_timestamp":1709882509412,"message_id":106,"param":{"paramName":"weight_decay","paramValue":0.0005,"source":"manual","step":null}},"type":"parameter_msg"}
{"payload":{"additional_params":{"assetId":"67e5e2adf8ac47c1ad3dab1c20015c89","context":null,"epoch":null,"extension":"json","fileName":"hyperparameters.json","overwrite":false,"runId":null,"step":null},"clean":true,"file_path":"tmplmt9vrd9","local_timestamp":1709882509419,"message_id":107,"metadata":{"type":"hyp-config-file"},"upload_type":"asset"},"type":"file_upload"}
{"payload":{"additional_params":{"assetId":"58623f057f5a4a94ba09127ead1001e7","context":null,"extension":"yaml","fileName":"opt.yaml","overwrite":false,"runId":null,"step":null},"clean":true,"file_path":"tmp4qgth01o","local_timestamp":1709882509415,"message_id":108,"metadata":{"type":"opt-config-file"},"upload_type":"asset"},"type":"file_upload"}
{"payload":{"local_timestamp":1709882509415,"message_id":109,"param":{"paramName":"val_conf_threshold","paramValue":0.001,"source":"manual","step":null}},"type":"parameter_msg"}
{"payload":{"local_timestamp":1709882509415,"message_id":110,"param":{"paramName":"val_iou_threshold","paramValue":0.6,"source":"manual","step":null}},"type":"parameter_msg"}
{"payload":{"local_timestamp":1709882509415,"log_other":{"key":"comet_mode","val":"online"},"message_id":111},"type":"ws_msg"}
{"payload":{"local_timestamp":1709882509415,"log_other":{"key":"comet_max_image_uploads","val":100},"message_id":112},"type":"ws_msg"}
{"payload":{"local_timestamp":1709882509415,"log_other":{"key":"comet_log_per_class_metrics","val":false},"message_id":113},"type":"ws_msg"}
{"payload":{"local_timestamp":1709882509415,"log_other":{"key":"comet_log_batch_metrics","val":false},"message_id":114},"type":"ws_msg"}
{"payload":{"local_timestamp":1709882509415,"log_other":{"key":"comet_log_confusion_matrix","val":true},"message_id":115},"type":"ws_msg"}
{"payload":{"local_timestamp":1709882509415,"log_other":{"key":"comet_model_name","val":"yolov5"},"message_id":116},"type":"ws_msg"}
{"payload":{"local_timestamp":1709882509421,"message_id":117,"stderr":true,"stdout":"COMET INFO: Couldn't find a Git repository in 'E:\\\\Python_Learn_Source\\\\YOLO\\\\yolov5_7.0_LightWeight' nor in any parent directory. Set `COMET_GIT_DIRECTORY` if your Git Repository is elsewhere.\n"},"type":"ws_msg"}
{"payload":{"local_timestamp":1709882509421,"message_id":118,"stderr":true,"stdout":"COMET WARNING: Unknown error exporting current conda environment\n"},"type":"ws_msg"}
{"payload":{"local_timestamp":1709882509421,"message_id":119,"stderr":true,"stdout":"COMET WARNING: Unknown error retrieving Conda package as an explicit file\n"},"type":"ws_msg"}
{"payload":{"local_timestamp":1709882509433,"message_id":120,"stderr":true,"stdout":"COMET WARNING: Unknown error retrieving Conda information\n"},"type":"ws_msg"}
{"payload":{"local_timestamp":1709882509444,"message_id":121,"stderr":true,"stdout":"\n                 from  n    params  module                                  arguments                     \n"},"type":"ws_msg"}
{"payload":{"local_timestamp":1709882509444,"message_id":122,"stderr":true,"stdout":"  0                -1  1      3520  models.common.Conv                      [3, 32, 6, 2, 2]              \n"},"type":"ws_msg"}
{"payload":{"local_timestamp":1709882509444,"message_id":123,"stderr":true,"stdout":"  1                -1  1     18560  models.common.Conv                      [32, 64, 3, 2]                \n"},"type":"ws_msg"}
{"payload":{"local_timestamp":1709882509444,"message_id":124,"stderr":true,"stdout":"Traceback (most recent call last):\n"},"type":"ws_msg"}
{"payload":{"local_timestamp":1709882509444,"message_id":125,"stderr":true,"stdout":"  File \"E:/Python_Learn_Source/YOLO/yolov5_7.0_LightWeight/train.py\", line 632, in <module>\n"},"type":"ws_msg"}
{"payload":{"local_timestamp":1709882509455,"message_id":126,"stderr":true,"stdout":"    "},"type":"ws_msg"}
{"payload":{"local_timestamp":1709882509455,"message_id":127,"stderr":true,"stdout":"main(opt)"},"type":"ws_msg"}
{"payload":{"local_timestamp":1709882509455,"message_id":128,"stderr":true,"stdout":"\n"},"type":"ws_msg"}
{"payload":{"local_timestamp":1709882509455,"message_id":129,"stderr":true,"stdout":"  File \"E:/Python_Learn_Source/YOLO/yolov5_7.0_LightWeight/train.py\", line 526, in main\n"},"type":"ws_msg"}
{"payload":{"local_timestamp":1709882509456,"message_id":130,"stderr":true,"stdout":"    "},"type":"ws_msg"}
{"payload":{"local_timestamp":1709882509456,"message_id":131,"stderr":true,"stdout":"train(opt.hyp, opt, device, callbacks)"},"type":"ws_msg"}
{"payload":{"local_timestamp":1709882509456,"message_id":132,"stderr":true,"stdout":"\n"},"type":"ws_msg"}
{"payload":{"local_timestamp":1709882509456,"message_id":133,"stderr":true,"stdout":"  File \"E:/Python_Learn_Source/YOLO/yolov5_7.0_LightWeight/train.py\", line 123, in train\n"},"type":"ws_msg"}
{"payload":{"local_timestamp":1709882509456,"message_id":134,"stderr":true,"stdout":"    "},"type":"ws_msg"}
{"payload":{"local_timestamp":1709882509456,"message_id":135,"stderr":true,"stdout":"model = Model(cfg or ckpt['model'].yaml, ch=3, nc=nc, anchors=hyp.get('anchors')).to(device)  # create"},"type":"ws_msg"}
{"payload":{"local_timestamp":1709882509456,"message_id":136,"stderr":true,"stdout":"\n"},"type":"ws_msg"}
{"payload":{"local_timestamp":1709882509456,"message_id":137,"stderr":true,"stdout":"  File \"E:\\Python_Learn_Source\\YOLO\\yolov5_7.0_LightWeight\\models\\yolo.py\", line 185, in __init__\n"},"type":"ws_msg"}
{"payload":{"local_timestamp":1709882509456,"message_id":138,"stderr":true,"stdout":"    "},"type":"ws_msg"}
{"payload":{"local_timestamp":1709882509456,"message_id":139,"stderr":true,"stdout":"self.model, self.save = parse_model(deepcopy(self.yaml), ch=[ch])  # model, savelist"},"type":"ws_msg"}
{"payload":{"local_timestamp":1709882509456,"message_id":140,"stderr":true,"stdout":"\n"},"type":"ws_msg"}
{"payload":{"local_timestamp":1709882509456,"message_id":141,"stderr":true,"stdout":"  File \"E:\\Python_Learn_Source\\YOLO\\yolov5_7.0_LightWeight\\models\\yolo.py\", line 346, in parse_model\n"},"type":"ws_msg"}
{"payload":{"local_timestamp":1709882509456,"message_id":142,"stderr":true,"stdout":"    "},"type":"ws_msg"}
{"payload":{"local_timestamp":1709882509456,"message_id":143,"stderr":true,"stdout":"m_ = nn.Sequential(*(m(*args) for _ in range(n))) if n > 1 else m(*args)  # module"},"type":"ws_msg"}
{"payload":{"local_timestamp":1709882509456,"message_id":144,"stderr":true,"stdout":"\n"},"type":"ws_msg"}
{"payload":{"local_timestamp":1709882509456,"message_id":145,"stderr":true,"stdout":"  File \"E:\\Python_Learn_Source\\YOLO\\yolov5_7.0_LightWeight\\models\\common.py\", line 954, in __init__\n"},"type":"ws_msg"}
{"payload":{"local_timestamp":1709882509457,"message_id":146,"stderr":true,"stdout":"    "},"type":"ws_msg"}
{"payload":{"local_timestamp":1709882509457,"message_id":147,"stderr":true,"stdout":"self.m = nn.Sequential(*(Faster_Block(c_, c_) for _ in range(n)))"},"type":"ws_msg"}
{"payload":{"local_timestamp":1709882509457,"message_id":148,"stderr":true,"stdout":"\n"},"type":"ws_msg"}
{"payload":{"local_timestamp":1709882509457,"message_id":149,"stderr":true,"stdout":"  File \"E:\\Python_Learn_Source\\YOLO\\yolov5_7.0_LightWeight\\models\\common.py\", line 954, in <genexpr>\n"},"type":"ws_msg"}
{"payload":{"local_timestamp":1709882509457,"message_id":150,"stderr":true,"stdout":"    "},"type":"ws_msg"}
{"payload":{"local_timestamp":1709882509457,"message_id":151,"stderr":true,"stdout":"self.m = nn.Sequential(*(Faster_Block(c_, c_) for _ in range(n)))"},"type":"ws_msg"}
{"payload":{"local_timestamp":1709882509457,"message_id":152,"stderr":true,"stdout":"\n"},"type":"ws_msg"}
{"payload":{"local_timestamp":1709882509457,"message_id":153,"stderr":true,"stdout":"  File \"E:\\Python_Learn_Source\\YOLO\\yolov5_7.0_LightWeight\\models\\common.py\", line 905, in __init__\n"},"type":"ws_msg"}
{"payload":{"local_timestamp":1709882509457,"message_id":154,"stderr":true,"stdout":"    "},"type":"ws_msg"}
{"payload":{"local_timestamp":1709882509457,"message_id":155,"stderr":true,"stdout":"self.drop_path = DropPath(drop_path) if drop_path > 0. else nn.Identity()"},"type":"ws_msg"}
{"payload":{"local_timestamp":1709882509457,"message_id":156,"stderr":true,"stdout":"\n"},"type":"ws_msg"}
{"payload":{"local_timestamp":1709882509457,"message_id":157,"stderr":true,"stdout":"NameError"},"type":"ws_msg"}
{"payload":{"local_timestamp":1709882509457,"message_id":158,"stderr":true,"stdout":": "},"type":"ws_msg"}
{"payload":{"local_timestamp":1709882509457,"message_id":159,"stderr":true,"stdout":"name 'DropPath' is not defined"},"type":"ws_msg"}
{"payload":{"local_timestamp":1709882509457,"message_id":160,"stderr":true,"stdout":"\n"},"type":"ws_msg"}
{"payload":{"local_timestamp":1709882509457,"message_id":161,"stderr":true,"stdout":"COMET INFO: ---------------------------------------------------------------------------------------\n"},"type":"ws_msg"}
{"payload":{"local_timestamp":1709882509457,"message_id":162,"stderr":true,"stdout":"COMET INFO: Comet.ml OfflineExperiment Summary\n"},"type":"ws_msg"}
{"payload":{"local_timestamp":1709882509458,"message_id":163,"stderr":true,"stdout":"COMET INFO: ---------------------------------------------------------------------------------------\n"},"type":"ws_msg"}
{"payload":{"local_timestamp":1709882509458,"message_id":164,"stderr":true,"stdout":"COMET INFO:   Data:\n"},"type":"ws_msg"}
{"payload":{"local_timestamp":1709882509458,"message_id":165,"stderr":true,"stdout":"COMET INFO:     display_summary_level : 1\n"},"type":"ws_msg"}
{"payload":{"local_timestamp":1709882509458,"message_id":166,"stderr":true,"stdout":"COMET INFO:     url                   : [OfflineExperiment will get URL after upload]\n"},"type":"ws_msg"}
{"payload":{"local_timestamp":1709882509458,"message_id":167,"stderr":true,"stdout":"COMET INFO:   Others:\n"},"type":"ws_msg"}
{"payload":{"local_timestamp":1709882509458,"message_id":168,"stderr":true,"stdout":"COMET INFO:     Created from                : YOLOv5\n"},"type":"ws_msg"}
{"payload":{"local_timestamp":1709882509458,"message_id":169,"stderr":true,"stdout":"COMET INFO:     comet_log_batch_metrics     : False\n"},"type":"ws_msg"}
{"payload":{"local_timestamp":1709882509458,"message_id":170,"stderr":true,"stdout":"COMET INFO:     comet_log_confusion_matrix  : True\n"},"type":"ws_msg"}
{"payload":{"local_timestamp":1709882509458,"message_id":171,"stderr":true,"stdout":"COMET INFO:     comet_log_per_class_metrics : False\n"},"type":"ws_msg"}
{"payload":{"local_timestamp":1709882509458,"message_id":172,"stderr":true,"stdout":"COMET INFO:     comet_max_image_uploads     : 100\n"},"type":"ws_msg"}
{"payload":{"local_timestamp":1709882509458,"message_id":173,"stderr":true,"stdout":"COMET INFO:     comet_mode                  : online\n"},"type":"ws_msg"}
{"payload":{"local_timestamp":1709882509458,"message_id":174,"stderr":true,"stdout":"COMET INFO:     comet_model_name            : yolov5\n"},"type":"ws_msg"}
{"payload":{"local_timestamp":1709882509458,"message_id":175,"stderr":true,"stdout":"COMET INFO:     hasNestedParams             : True\n"},"type":"ws_msg"}
{"payload":{"local_timestamp":1709882509458,"message_id":176,"stderr":true,"stdout":"COMET INFO:     offline_experiment          : True\n"},"type":"ws_msg"}
{"payload":{"local_timestamp":1709882509458,"message_id":177,"stderr":true,"stdout":"COMET INFO:   Parameters:\n"},"type":"ws_msg"}
{"payload":{"local_timestamp":1709882509458,"message_id":178,"stderr":true,"stdout":"COMET INFO:     anchor_t            : 4.0\n"},"type":"ws_msg"}
{"payload":{"local_timestamp":1709882509458,"message_id":179,"stderr":true,"stdout":"COMET INFO:     artifact_alias      : latest\n"},"type":"ws_msg"}
{"payload":{"local_timestamp":1709882509458,"message_id":180,"stderr":true,"stdout":"COMET INFO:     batch_size          : 8\n"},"type":"ws_msg"}
{"payload":{"local_timestamp":1709882509458,"message_id":181,"stderr":true,"stdout":"COMET INFO:     bbox_interval       : -1\n"},"type":"ws_msg"}
{"payload":{"local_timestamp":1709882509458,"message_id":182,"stderr":true,"stdout":"COMET INFO:     box                 : 0.05\n"},"type":"ws_msg"}
{"payload":{"local_timestamp":1709882509458,"message_id":183,"stderr":true,"stdout":"COMET INFO:     bucket              : \n"},"type":"ws_msg"}
{"payload":{"local_timestamp":1709882509458,"message_id":184,"stderr":true,"stdout":"COMET INFO:     cache               : None\n"},"type":"ws_msg"}
{"payload":{"local_timestamp":1709882509458,"message_id":185,"stderr":true,"stdout":"COMET INFO:     cfg                 : models/yolov5s_C3_Faster.yaml\n"},"type":"ws_msg"}
{"payload":{"local_timestamp":1709882509459,"message_id":186,"stderr":true,"stdout":"COMET INFO:     cls                 : 0.5\n"},"type":"ws_msg"}
{"payload":{"local_timestamp":1709882509459,"message_id":187,"stderr":true,"stdout":"COMET INFO:     cls_pw              : 1.0\n"},"type":"ws_msg"}
{"payload":{"local_timestamp":1709882509459,"message_id":188,"stderr":true,"stdout":"COMET INFO:     copy_paste          : 0.0\n"},"type":"ws_msg"}
{"payload":{"local_timestamp":1709882509459,"message_id":189,"stderr":true,"stdout":"COMET INFO:     cos_lr              : False\n"},"type":"ws_msg"}
{"payload":{"local_timestamp":1709882509459,"message_id":190,"stderr":true,"stdout":"COMET INFO:     data                : data\\coco128.yaml\n"},"type":"ws_msg"}
{"payload":{"local_timestamp":1709882509459,"message_id":191,"stderr":true,"stdout":"COMET INFO:     degrees             : 0.0\n"},"type":"ws_msg"}
{"payload":{"local_timestamp":1709882509459,"message_id":192,"stderr":true,"stdout":"COMET INFO:     device              : cpu\n"},"type":"ws_msg"}
{"payload":{"local_timestamp":1709882509459,"message_id":193,"stderr":true,"stdout":"COMET INFO:     entity              : None\n"},"type":"ws_msg"}
{"payload":{"local_timestamp":1709882509459,"message_id":194,"stderr":true,"stdout":"COMET INFO:     epochs              : 100\n"},"type":"ws_msg"}
{"payload":{"local_timestamp":1709882509459,"message_id":195,"stderr":true,"stdout":"COMET INFO:     evolve              : None\n"},"type":"ws_msg"}
{"payload":{"local_timestamp":1709882509459,"message_id":196,"stderr":true,"stdout":"COMET INFO:     exist_ok            : False\n"},"type":"ws_msg"}
{"payload":{"local_timestamp":1709882509459,"message_id":197,"stderr":true,"stdout":"COMET INFO:     fl_gamma            : 0.0\n"},"type":"ws_msg"}
{"payload":{"local_timestamp":1709882509459,"message_id":198,"stderr":true,"stdout":"COMET INFO:     fliplr              : 0.5\n"},"type":"ws_msg"}
{"payload":{"local_timestamp":1709882509459,"message_id":199,"stderr":true,"stdout":"COMET INFO:     flipud              : 0.0\n"},"type":"ws_msg"}
{"payload":{"local_timestamp":1709882509459,"message_id":200,"stderr":true,"stdout":"COMET INFO:     freeze              : [0]\n"},"type":"ws_msg"}
{"payload":{"local_timestamp":1709882509459,"message_id":201,"stderr":true,"stdout":"COMET INFO:     hsv_h               : 0.015\n"},"type":"ws_msg"}
{"payload":{"local_timestamp":1709882509459,"message_id":202,"stderr":true,"stdout":"COMET INFO:     hsv_s               : 0.7\n"},"type":"ws_msg"}
{"payload":{"local_timestamp":1709882509459,"message_id":203,"stderr":true,"stdout":"COMET INFO:     hsv_v               : 0.4\n"},"type":"ws_msg"}
{"payload":{"local_timestamp":1709882509459,"message_id":204,"stderr":true,"stdout":"COMET INFO:     hyp|anchor_t        : 4.0\n"},"type":"ws_msg"}
{"payload":{"local_timestamp":1709882509459,"message_id":205,"stderr":true,"stdout":"COMET INFO:     hyp|box             : 0.05\n"},"type":"ws_msg"}
{"payload":{"local_timestamp":1709882509459,"message_id":206,"stderr":true,"stdout":"COMET INFO:     hyp|cls             : 0.5\n"},"type":"ws_msg"}
{"payload":{"local_timestamp":1709882509459,"message_id":207,"stderr":true,"stdout":"COMET INFO:     hyp|cls_pw          : 1.0\n"},"type":"ws_msg"}
{"payload":{"local_timestamp":1709882509459,"message_id":208,"stderr":true,"stdout":"COMET INFO:     hyp|copy_paste      : 0.0\n"},"type":"ws_msg"}
{"payload":{"local_timestamp":1709882509459,"message_id":209,"stderr":true,"stdout":"COMET INFO:     hyp|degrees         : 0.0\n"},"type":"ws_msg"}
{"payload":{"local_timestamp":1709882509459,"message_id":210,"stderr":true,"stdout":"COMET INFO:     hyp|fl_gamma        : 0.0\n"},"type":"ws_msg"}
{"payload":{"local_timestamp":1709882509460,"message_id":211,"stderr":true,"stdout":"COMET INFO:     hyp|fliplr          : 0.5\n"},"type":"ws_msg"}
{"payload":{"local_timestamp":1709882509460,"message_id":212,"stderr":true,"stdout":"COMET INFO:     hyp|flipud          : 0.0\n"},"type":"ws_msg"}
{"payload":{"local_timestamp":1709882509460,"message_id":213,"stderr":true,"stdout":"COMET INFO:     hyp|hsv_h           : 0.015\n"},"type":"ws_msg"}
{"payload":{"local_timestamp":1709882509460,"message_id":214,"stderr":true,"stdout":"COMET INFO:     hyp|hsv_s           : 0.7\n"},"type":"ws_msg"}
{"payload":{"local_timestamp":1709882509460,"message_id":215,"stderr":true,"stdout":"COMET INFO:     hyp|hsv_v           : 0.4\n"},"type":"ws_msg"}
{"payload":{"local_timestamp":1709882509460,"message_id":216,"stderr":true,"stdout":"COMET INFO:     hyp|iou_t           : 0.2\n"},"type":"ws_msg"}
{"payload":{"local_timestamp":1709882509460,"message_id":217,"stderr":true,"stdout":"COMET INFO:     hyp|lr0             : 0.01\n"},"type":"ws_msg"}
{"payload":{"local_timestamp":1709882509460,"message_id":218,"stderr":true,"stdout":"COMET INFO:     hyp|lrf             : 0.01\n"},"type":"ws_msg"}
{"payload":{"local_timestamp":1709882509460,"message_id":219,"stderr":true,"stdout":"COMET INFO:     hyp|mixup           : 0.0\n"},"type":"ws_msg"}
{"payload":{"local_timestamp":1709882509465,"message_id":220,"stderr":true,"stdout":"COMET INFO:     hyp|momentum        : 0.937\n"},"type":"ws_msg"}
{"payload":{"local_timestamp":1709882509465,"message_id":221,"stderr":true,"stdout":"COMET INFO:     hyp|mosaic          : 1.0\n"},"type":"ws_msg"}
{"payload":{"local_timestamp":1709882509465,"message_id":222,"stderr":true,"stdout":"COMET INFO:     hyp|obj             : 1.0\n"},"type":"ws_msg"}
{"payload":{"local_timestamp":1709882509466,"message_id":223,"stderr":true,"stdout":"COMET INFO:     hyp|obj_pw          : 1.0\n"},"type":"ws_msg"}
{"payload":{"local_timestamp":1709882509466,"message_id":224,"stderr":true,"stdout":"COMET INFO:     hyp|perspective     : 0.0\n"},"type":"ws_msg"}
{"payload":{"local_timestamp":1709882509466,"message_id":225,"stderr":true,"stdout":"COMET INFO:     hyp|scale           : 0.5\n"},"type":"ws_msg"}
{"payload":{"local_timestamp":1709882509466,"message_id":226,"stderr":true,"stdout":"COMET INFO:     hyp|shear           : 0.0\n"},"type":"ws_msg"}
{"payload":{"local_timestamp":1709882509466,"message_id":227,"stderr":true,"stdout":"COMET INFO:     hyp|translate       : 0.1\n"},"type":"ws_msg"}
{"payload":{"local_timestamp":1709882509466,"message_id":228,"stderr":true,"stdout":"COMET INFO:     hyp|warmup_bias_lr  : 0.1\n"},"type":"ws_msg"}
{"payload":{"local_timestamp":1709882509466,"message_id":229,"stderr":true,"stdout":"COMET INFO:     hyp|warmup_epochs   : 3.0\n"},"type":"ws_msg"}
{"payload":{"local_timestamp":1709882509466,"message_id":230,"stderr":true,"stdout":"COMET INFO:     hyp|warmup_momentum : 0.8\n"},"type":"ws_msg"}
{"payload":{"local_timestamp":1709882509466,"message_id":231,"stderr":true,"stdout":"COMET INFO:     hyp|weight_decay    : 0.0005\n"},"type":"ws_msg"}
{"payload":{"local_timestamp":1709882509466,"message_id":232,"stderr":true,"stdout":"COMET INFO:     image_weights       : False\n"},"type":"ws_msg"}
{"payload":{"local_timestamp":1709882509466,"message_id":233,"stderr":true,"stdout":"COMET INFO:     imgsz               : 640\n"},"type":"ws_msg"}
{"payload":{"local_timestamp":1709882509466,"message_id":234,"stderr":true,"stdout":"COMET INFO:     iou_t               : 0.2\n"},"type":"ws_msg"}
{"payload":{"local_timestamp":1709882509466,"message_id":235,"stderr":true,"stdout":"COMET INFO:     label_smoothing     : 0.0\n"},"type":"ws_msg"}
{"payload":{"local_timestamp":1709882509466,"message_id":236,"stderr":true,"stdout":"COMET INFO:     local_rank          : -1\n"},"type":"ws_msg"}
{"payload":{"local_timestamp":1709882509466,"message_id":237,"stderr":true,"stdout":"COMET INFO:     lr0                 : 0.01\n"},"type":"ws_msg"}
{"payload":{"local_timestamp":1709882509466,"message_id":238,"stderr":true,"stdout":"COMET INFO:     lrf                 : 0.01\n"},"type":"ws_msg"}
{"payload":{"local_timestamp":1709882509466,"message_id":239,"stderr":true,"stdout":"COMET INFO:     mixup               : 0.0\n"},"type":"ws_msg"}
{"payload":{"local_timestamp":1709882509466,"message_id":240,"stderr":true,"stdout":"COMET INFO:     momentum            : 0.937\n"},"type":"ws_msg"}
{"payload":{"local_timestamp":1709882509466,"message_id":241,"stderr":true,"stdout":"COMET INFO:     mosaic              : 1.0\n"},"type":"ws_msg"}
{"payload":{"local_timestamp":1709882509466,"message_id":242,"stderr":true,"stdout":"COMET INFO:     multi_scale         : False\n"},"type":"ws_msg"}
{"payload":{"local_timestamp":1709882509466,"message_id":243,"stderr":true,"stdout":"COMET INFO:     name                : exp\n"},"type":"ws_msg"}
{"payload":{"local_timestamp":1709882509466,"message_id":244,"stderr":true,"stdout":"COMET INFO:     noautoanchor        : False\n"},"type":"ws_msg"}
{"payload":{"local_timestamp":1709882509466,"message_id":245,"stderr":true,"stdout":"COMET INFO:     noplots             : False\n"},"type":"ws_msg"}
{"payload":{"local_timestamp":1709882509466,"message_id":246,"stderr":true,"stdout":"COMET INFO:     nosave              : False\n"},"type":"ws_msg"}
{"payload":{"local_timestamp":1709882509466,"message_id":247,"stderr":true,"stdout":"COMET INFO:     noval               : False\n"},"type":"ws_msg"}
{"payload":{"local_timestamp":1709882509466,"message_id":248,"stderr":true,"stdout":"COMET INFO:     obj                 : 1.0\n"},"type":"ws_msg"}
{"payload":{"local_timestamp":1709882509466,"message_id":249,"stderr":true,"stdout":"COMET INFO:     obj_pw              : 1.0\n"},"type":"ws_msg"}
{"payload":{"local_timestamp":1709882509466,"message_id":250,"stderr":true,"stdout":"COMET INFO:     optimizer           : SGD\n"},"type":"ws_msg"}
{"payload":{"local_timestamp":1709882509466,"message_id":251,"stderr":true,"stdout":"COMET INFO:     patience            : 100\n"},"type":"ws_msg"}
{"payload":{"local_timestamp":1709882509466,"message_id":252,"stderr":true,"stdout":"COMET INFO:     perspective         : 0.0\n"},"type":"ws_msg"}
{"payload":{"local_timestamp":1709882509466,"message_id":253,"stderr":true,"stdout":"COMET INFO:     project             : runs\\train\n"},"type":"ws_msg"}
{"payload":{"local_timestamp":1709882509466,"message_id":254,"stderr":true,"stdout":"COMET INFO:     quad                : False\n"},"type":"ws_msg"}
{"payload":{"local_timestamp":1709882509466,"message_id":255,"stderr":true,"stdout":"COMET INFO:     rect                : False\n"},"type":"ws_msg"}
{"payload":{"local_timestamp":1709882509466,"message_id":256,"stderr":true,"stdout":"COMET INFO:     resume              : False\n"},"type":"ws_msg"}
{"payload":{"local_timestamp":1709882509466,"message_id":257,"stderr":true,"stdout":"COMET INFO:     save_dir            : runs\\train\\exp14\n"},"type":"ws_msg"}
{"payload":{"local_timestamp":1709882509466,"message_id":258,"stderr":true,"stdout":"COMET INFO:     save_period         : -1\n"},"type":"ws_msg"}
{"payload":{"local_timestamp":1709882509466,"message_id":259,"stderr":true,"stdout":"COMET INFO:     scale               : 0.5\n"},"type":"ws_msg"}
{"payload":{"local_timestamp":1709882509466,"message_id":260,"stderr":true,"stdout":"COMET INFO:     seed                : 0\n"},"type":"ws_msg"}
{"payload":{"local_timestamp":1709882509466,"message_id":261,"stderr":true,"stdout":"COMET INFO:     shear               : 0.0\n"},"type":"ws_msg"}
{"payload":{"local_timestamp":1709882509466,"message_id":262,"stderr":true,"stdout":"COMET INFO:     single_cls          : False\n"},"type":"ws_msg"}
{"payload":{"local_timestamp":1709882509466,"message_id":263,"stderr":true,"stdout":"COMET INFO:     sync_bn             : False\n"},"type":"ws_msg"}
{"payload":{"local_timestamp":1709882509466,"message_id":264,"stderr":true,"stdout":"COMET INFO:     translate           : 0.1\n"},"type":"ws_msg"}
{"payload":{"local_timestamp":1709882509466,"message_id":265,"stderr":true,"stdout":"COMET INFO:     upload_dataset      : False\n"},"type":"ws_msg"}
{"payload":{"local_timestamp":1709882509466,"message_id":266,"stderr":true,"stdout":"COMET INFO:     val_conf_threshold  : 0.001\n"},"type":"ws_msg"}
{"payload":{"local_timestamp":1709882509466,"message_id":267,"stderr":true,"stdout":"COMET INFO:     val_iou_threshold   : 0.6\n"},"type":"ws_msg"}
{"payload":{"local_timestamp":1709882509466,"message_id":268,"stderr":true,"stdout":"COMET INFO:     warmup_bias_lr      : 0.1\n"},"type":"ws_msg"}
{"payload":{"local_timestamp":1709882509466,"message_id":269,"stderr":true,"stdout":"COMET INFO:     warmup_epochs       : 3.0\n"},"type":"ws_msg"}
{"payload":{"local_timestamp":1709882509466,"message_id":270,"stderr":true,"stdout":"COMET INFO:     warmup_momentum     : 0.8\n"},"type":"ws_msg"}
{"payload":{"local_timestamp":1709882509466,"message_id":271,"stderr":true,"stdout":"COMET INFO:     weight_decay        : 0.0005\n"},"type":"ws_msg"}
{"payload":{"local_timestamp":1709882509466,"message_id":272,"stderr":true,"stdout":"COMET INFO:     weights             : yolov5s.pt\n"},"type":"ws_msg"}
{"payload":{"local_timestamp":1709882509466,"message_id":273,"stderr":true,"stdout":"COMET INFO:     workers             : 8\n"},"type":"ws_msg"}
{"payload":{"local_timestamp":1709882509466,"message_id":274,"stderr":true,"stdout":"COMET INFO:   Uploads:\n"},"type":"ws_msg"}
{"payload":{"local_timestamp":1709882509466,"message_id":275,"stderr":true,"stdout":"COMET INFO:     asset               : 3 (2.64 KB)\n"},"type":"ws_msg"}
{"payload":{"local_timestamp":1709882509466,"message_id":276,"stderr":true,"stdout":"COMET INFO:     environment details : 1\n"},"type":"ws_msg"}
{"payload":{"local_timestamp":1709882509466,"message_id":277,"stderr":true,"stdout":"COMET INFO:     installed packages  : 1\n"},"type":"ws_msg"}
{"payload":{"local_timestamp":1709882509466,"message_id":278,"stderr":true,"stdout":"COMET INFO: \n"},"type":"ws_msg"}
{"payload":{"local_timestamp":1709882509466,"message_id":279,"stderr":true,"stdout":"COMET WARNING: Experiment Name is generated at upload time for Offline Experiments unless set explicitly with Experiment.set_name\n"},"type":"ws_msg"}
{"payload":{"local_timestamp":1709882509466,"message_id":280,"stderr":true,"stdout":"COMET WARNING: To get all data logged automatically, import comet_ml before the following modules: tensorboard, torch.\n"},"type":"ws_msg"}
{"payload":{"local_timestamp":1709882509466,"log_other":{"key":"sys.already_imported_modules","val":"[\"tensorboard\", \"torch\"]"},"message_id":281},"type":"ws_msg"}
